INSERT INTO APP.PROPIEDAD VALUES ('SISTEMA.IMAGENES.LOGO.EMPRESA','SIN VALOR',null);

INSERT INTO APP.PROPIEDAD VALUES ('PARAMETROS.CONFIGURACION','ARGENTINA',null);

--LICENCE PROPERTIES
/*delete from app.propiedad where prop_clave 
in('LICENCIA.FECHA.ULTIMO.INTENTO','LICENCIA.CANTIDAD.INTENTOS','LICENCED','PERIODO.PRUEBA.FECHA.INICIO','LICENCE.LAST.DATE.ACTIVATED','LICENCE.NRO');*/ 

INSERT INTO APP.PROPIEDAD VALUES ('VALIDAR_LICENCIA','S',null);
INSERT INTO APP.PROPIEDAD VALUES ('LICENCIA_VITALICIA','N',null);
INSERT INTO APP.PROPIEDAD VALUES ('LICENCIA.CANTIDAD.INTENTOS.PERMITIDOS','4',null);
INSERT INTO APP.PROPIEDAD VALUES ('LICENCIA.FECHA.ULTIMO.INTENTO','',null);
INSERT INTO APP.PROPIEDAD VALUES ('LICENCIA.CANTIDAD.INTENTOS','0',null);


INSERT INTO APP.PROPIEDAD VALUES ('PERIODO.PRUEBA.FECHA.INICIO','',null);
INSERT INTO APP.PROPIEDAD VALUES ('LICENCE.LAST.DATE.ACTIVATED','',null);
INSERT INTO APP.PROPIEDAD VALUES ('LICENCE.NRO','',null);
INSERT INTO APP.PROPIEDAD VALUES ('LICENCED','N',null);
INSERT INTO APP.PROPIEDAD VALUES ('PERIODO.PRUEBA.DURACION','45',null);


--LICENCE PROPERTIES

INSERT INTO APP.PROPIEDAD VALUES ('FORMATO.FECHA','dd-MM-yyyy',null);
INSERT INTO APP.PROPIEDAD VALUES ('FORMATO.HORA','HH:mm:ss',null);
INSERT INTO APP.PROPIEDAD VALUES ('FORMATO.FECHA.HORA','dd-MM-yyyy HH:mm:ss',null);
INSERT INTO APP.PROPIEDAD VALUES ('DIRECTORIO.IMAGENES','c:\\',null);
INSERT INTO APP.PROPIEDAD VALUES ('DIRECTORIO.BACKUP.PRIMARIO','D:\\',null);
INSERT INTO APP.PROPIEDAD VALUES ('DIRECTORIO.BACKUP.SECUNDARIO','C:\\',null);
INSERT INTO APP.PROPIEDAD VALUES ('DIRECTORIO.IMAGEN.FONDO.APLICACION','C:\\',null);
INSERT INTO APP.PROPIEDAD VALUES ('DIRECTORIO.IMAGEN.FONDO.SEGUNDO.MONITOR','C:\\',null);
INSERT INTO APP.PROPIEDAD VALUES ('PERSONA.FOTO.REQUERIDA','S',null);
INSERT INTO APP.PROPIEDAD VALUES ('PERSONA.FIRMA.REQUERIDA','N',null);
INSERT INTO APP.PROPIEDAD VALUES ('PERSONA.DNI.MASCARA','##.###.###',null);
INSERT INTO APP.PROPIEDAD VALUES ('PERSONA.DNI.PERMITIR.SOLO.NUMEROS','S',null);
INSERT INTO APP.PROPIEDAD VALUES ('PERSONA.DNI.FIJAR.CANTIDAD.CARACTERES','S',null);
INSERT INTO APP.PROPIEDAD VALUES ('PERSONA.DNI.CANTIDAD.CARACTERES.FIJA','8',null);
INSERT INTO APP.PROPIEDAD VALUES ('SISTEMA.ACTUALIZACION.AUTOMATICA.INICIO','N',null);
INSERT INTO APP.PROPIEDAD VALUES ('SISTEMA.DEVICES.CAMARA','vfw:Microsoft WDM Image Capture (Win32):0',null);
INSERT INTO APP.PROPIEDAD VALUES ('SISTEMA.GUARDAR.LOG.EVENTOS','S',null);
INSERT INTO APP.PROPIEDAD VALUES ('SISTEMA.CONSERVAR.DATOS.LOG.EVENTOS.XDIAS','20',null);
INSERT INTO APP.PROPIEDAD VALUES ('SISTEMA.ORIGEN.FOTOS','DISCO',null);--DISCO WEBCAM EXISTE ENUM
INSERT INTO APP.PROPIEDAD VALUES ('SISTEMA.ORIGEN.FIRMAS','DISCO',null);--DISCO PAD EXISTE ENUM
INSERT INTO APP.PROPIEDAD VALUES ('SISTEMA.IMAGENES.PORCENTAJE.REDUCCION','25',null);
INSERT INTO APP.PROPIEDAD (PROP_CLAVE,PROP_VALOR) VALUES ('SISTEMA.FIRMAS.PORCENTAJE.REDUCCION','20');
INSERT INTO APP.PROPIEDAD (PROP_CLAVE,PROP_VALOR) VALUES ('SISTEMA.BACKUP.AUTOMATICO.ACTIVADO','S');
INSERT INTO APP.PROPIEDAD(PROP_CLAVE,PROP_VALOR)  VALUES ('SISTEMA.BACKUP.AUTOMATICO.CADAXDIAS','5');
INSERT INTO APP.PROPIEDAD (PROP_CLAVE,PROP_VALOR) VALUES ('SISTEMA.BACKUP.SECUNDARIO.SI-NO','N');
INSERT INTO APP.PROPIEDAD (PROP_CLAVE,PROP_VALOR) VALUES ('SISTEMA.BACKUP.FECHAULTIMOBACKUP','28-04-2010');
INSERT INTO APP.PROPIEDAD (PROP_CLAVE,PROP_VALOR) VALUES ('SISTEMA.IMAGEN.PRIMARIA','0');
INSERT INTO APP.PROPIEDAD (PROP_CLAVE,PROP_VALOR) VALUES ('SISTEMA.IMAGEN.SECUNDARIA','0');

INSERT INTO APP.PROPIEDAD(PROP_CLAVE,PROP_VALOR) VALUES ('SISTEMA.FTP_PRINCIPAL_URL','DXTEn5m2NtfIb0JrQ88tOwkSptl3lH87AJZPfePBh80=');
INSERT INTO APP.PROPIEDAD(PROP_CLAVE,PROP_VALOR) VALUES ('SISTEMA.FTP_PRINCIPAL_USER','5WaKymtinfeyUOiInZ0rvp1c1K4M0JAu34k1rvKt5uI=');
INSERT INTO APP.PROPIEDAD(PROP_CLAVE,PROP_VALOR) VALUES ('SISTEMA.FTP_PRINCIPAL_PASSWORD','uLBg40t0YiQ9/9dBV8UgSg==');
INSERT INTO APP.PROPIEDAD(PROP_CLAVE,PROP_VALOR) VALUES ('SISTEMA.FTP_SECUNDARIO_URL','1yT7xdyXFOC1p1EecQ0V3Q==');
INSERT INTO APP.PROPIEDAD(PROP_CLAVE,PROP_VALOR) VALUES ('SISTEMA.FTP_SECUNDARIO_USER','sva1t1RMRadkMMoiRlpKWA==');
INSERT INTO APP.PROPIEDAD(PROP_CLAVE,PROP_VALOR) VALUES ('SISTEMA.FTP_SECUNDARIO_PASSWORD','WXr7F2JirExUiUzOnSAeyA==');


INSERT INTO APP.PROPIEDAD(PROP_CLAVE,PROP_VALOR) VALUES ('SISTEMA.HASH_ULTIMO_ARCHIVO_SCRIPT_EJECUTADO','0');
INSERT INTO APP.PROPIEDAD(PROP_CLAVE,PROP_VALOR) VALUES ('SISTEMA.NOMBRE.PROGRAMA','TesterGeneral');
INSERT INTO APP.PROPIEDAD(PROP_CLAVE,PROP_VALOR) VALUES ('SISTEMA.CODIGO_REGION_DESTINO','ar');
INSERT INTO APP.PROPIEDAD(PROP_CLAVE,PROP_VALOR) VALUES ('SISTEMA.VERSION_PRINCIPAL','v1');

--delete from APP.PROPIEDAD where prop_clave = 'EXAMEN.TAMAÑO.PANTALLA.SECUNDARIA.WIDTH';
INSERT INTO APP.PROPIEDAD VALUES ('EXAMEN.TAMAÑO.PANTALLA.SECUNDARIA.HEIGHT','650',null);
INSERT INTO APP.PROPIEDAD VALUES ('EXAMEN.TAMAÑO.PANTALLA.SECUNDARIA.WIDTH','1000',null);
INSERT INTO APP.PROPIEDAD VALUES ('EXAMEN.RESULTADOS.EXAMADO','S',null);--EXAMEN.RESULTADOS.EXAMINADO

--delete from APP.PROPIEDAD where prop_clave like 'EXAMEN.ANTICIPACION%';
INSERT INTO APP.PROPIEDAD VALUES ('EXAMEN.ANTICIPACION.METROS.PERMITIDOS.HASTA','8',null);
INSERT INTO APP.PROPIEDAD VALUES ('EXAMEN.ANTICIPACION.APRENDIZAJE.METROS.TOTAL','100',null);
INSERT INTO APP.PROPIEDAD VALUES ('EXAMEN.ANTICIPACION.APRENDIZAJE.SPEED','60',null);--KM/H
INSERT INTO APP.PROPIEDAD VALUES ('EXAMEN.ANTICIPACION.ETAPA1.SPEED','45',null);--KM/H
INSERT INTO APP.PROPIEDAD VALUES ('EXAMEN.ANTICIPACION.ETAPA2.SPEED','75',null);--KM/H
INSERT INTO APP.PROPIEDAD VALUES ('EXAMEN.ANTICIPACION.ETAPA3.SPEED','90',null);--KM/H
INSERT INTO APP.PROPIEDAD VALUES ('EXAMEN.ANTICIPACION.ETAPA4.SPEED','85',null);--KM/H
INSERT INTO APP.PROPIEDAD VALUES ('EXAMEN.ANTICIPACION.ETAPA5.SPEED','55',null);--KM/H
INSERT INTO APP.PROPIEDAD VALUES ('EXAMEN.ANTICIPACION.ETAPA6.SPEED','45',null);--KM/H

--delete from app.propiedad where prop_clave like 'EXAMEN.PERCEPCION.REACCION%';
INSERT INTO APP.PROPIEDAD VALUES ('EXAMEN.PERCEPCION.REACCION.ERRORES.PERMITIDOS.HASTA','4',null);
INSERT INTO APP.PROPIEDAD VALUES ('EXAMEN.PERCEPCION.REACCION.ETAPAS.EXAMEN','30',null);
INSERT INTO APP.PROPIEDAD VALUES ('EXAMEN.PERCEPCION.REACCION.ETAPAS.APRENDIZAJE','12',null);
INSERT INTO APP.PROPIEDAD VALUES ('EXAMEN.PERCEPCION.REACCION.TIEMPO.SLEEP','1100',null);
INSERT INTO APP.PROPIEDAD VALUES ('EXAMEN.PERCEPCION.REACCION.TIEMPO.ENTRE.TIEMPO','700',null);

INSERT INTO APP.PROPIEDAD VALUES ('EXAMEN.PERCEPCION.REACCION.TIEMPO.SLEEP.COND','2000',null);
INSERT INTO APP.PROPIEDAD VALUES ('EXAMEN.PERCEPCION.REACCION.TIEMPO.ENTRE.TIEMPO.COND','1200',null);

INSERT INTO APP.PROPIEDAD VALUES ('EXAMEN.PERCEPCION.REACCION.TIEMPO.SLEEP.NOCOND','2000',null);
INSERT INTO APP.PROPIEDAD VALUES ('EXAMEN.PERCEPCION.REACCION.TIEMPO.ENTRE.TIEMPO.NOCOND','1200',null);


--delete from app.propiedad where prop_clave like 'EXAMEN.REACION.MULTIPLE.COND%';
INSERT INTO APP.PROPIEDAD(PROP_CLAVE,PROP_VALOR) VALUES ('EXAMEN.REACION.MULTIPLE.COND.ERRORES.PERMITIDOS.HASTA','4');
INSERT INTO APP.PROPIEDAD(PROP_CLAVE,PROP_VALOR) VALUES ('EXAMEN.REACION.MULTIPLE.COND.TIEMPO.PERMITIDOS.HASTA','6000');

--delete from app.propiedad where prop_clave like 'EXAMEN.REACION.MULTIPLE.NOCOND%';
INSERT INTO APP.PROPIEDAD(PROP_CLAVE,PROP_VALOR) VALUES ('EXAMEN.REACION.MULTIPLE.NOCOND.ERRORES.PERMITIDOS.HASTA','10');
INSERT INTO APP.PROPIEDAD(PROP_CLAVE,PROP_VALOR) VALUES ('EXAMEN.REACION.MULTIPLE.NOCOND.TIEMPO.PERMITIDOS.HASTA','7000');

--delete from APP.PROPIEDAD where prop_clave like 'EXAMEN.COORDINACION.VISOMOTORA%';
INSERT INTO APP.PROPIEDAD(PROP_CLAVE,PROP_VALOR) VALUES ('EXAMEN.COORDINACION.VISOMOTORA.TIEMPO.LUZ.PROFECIONAL','850');
INSERT INTO APP.PROPIEDAD(PROP_CLAVE,PROP_VALOR) VALUES ('EXAMEN.COORDINACION.VISOMOTORA.TIEMPO.LUZ.PARTICULAR','970');
INSERT INTO APP.PROPIEDAD(PROP_CLAVE,PROP_VALOR) VALUES ('EXAMEN.COORDINACION.VISOMOTORA.TIEMPO.APRENDEZAJE.DURACION','20000');
INSERT INTO APP.PROPIEDAD(PROP_CLAVE,PROP_VALOR) VALUES ('EXAMEN.COORDINACION.VISOMOTORA.TIEMPO.EXAMEN.DURACION','60000');
INSERT INTO APP.PROPIEDAD(PROP_CLAVE,PROP_VALOR) VALUES ('EXAMEN.COORDINACION.VISOMOTORA.ERRORES.PERMITIDOS.HASTA','10');
INSERT INTO APP.PROPIEDAD(PROP_CLAVE,PROP_VALOR) VALUES ('EXAMEN.COORDINACION.VISOMOTORA.TIEMPO.DENTRO.MINIMO.PERMITIDO','20000');
INSERT INTO APP.PROPIEDAD(PROP_CLAVE,PROP_VALOR) VALUES ('EXAMEN.COORDINACION.VISOMOTORA.ENTRE.TIEMPO.PROFECIONAL','420');
INSERT INTO APP.PROPIEDAD(PROP_CLAVE,PROP_VALOR) VALUES ('EXAMEN.COORDINACION.VISOMOTORA.ENTRE.TIEMPO.PARTICULAR','540');

--delete from APP.PROPIEDAD where prop_clave like 'EXAMEN.COORDINACION.BIMANUAL%';
INSERT INTO APP.PROPIEDAD(PROP_CLAVE,PROP_VALOR) VALUES ('EXAMEN.COORDINACION.BIMANUAL.VELOCIDAD.EXAMEN','3');
INSERT INTO APP.PROPIEDAD(PROP_CLAVE,PROP_VALOR) VALUES ('EXAMEN.COORDINACION.BIMANUAL.VELOCIDAD.APRENDIZAJE','2');
INSERT INTO APP.PROPIEDAD(PROP_CLAVE,PROP_VALOR) VALUES ('EXAMEN.COORDINACION.BIMANUAL.RUTAS.EXAMEN','images/coordinacionBimanual/rutas.jpg');
INSERT INTO APP.PROPIEDAD(PROP_CLAVE,PROP_VALOR) VALUES ('EXAMEN.COORDINACION.BIMANUAL.RUTAS.APRENDIZAJE','images/coordinacionBimanual/rutasAprend.jpg');
INSERT INTO APP.PROPIEDAD(PROP_CLAVE,PROP_VALOR) VALUES ('EXAMEN.COORDINACION.BIMANUAL.RUTAS.EXAMEN.PARTICULAR','images/coordinacionBimanual/rutasParticular.jpg');
INSERT INTO APP.PROPIEDAD(PROP_CLAVE,PROP_VALOR) VALUES ('EXAMEN.COORDINACION.BIMANUAL.TIEMPO.FUERA.PERMITIDO','500');
INSERT INTO APP.PROPIEDAD(PROP_CLAVE,PROP_VALOR) VALUES ('EXAMEN.COORDINACION.BIMANUAL.ERRORES.PERMITIDO','11');


INSERT INTO APP.PROPIEDAD VALUES ('EXAMEN.REACCION.SIMPLE.ETAPAS.APRENDIZAJE','3',null);
INSERT INTO APP.PROPIEDAD VALUES ('EXAMEN.REACCION.SIMPLE.ETAPAS.EXAMEN','10',null);
INSERT INTO APP.PROPIEDAD VALUES ('EXAMEN.REACCION.SIMPLE.TIEMPO.VERDE.DESDE','2000',null);
INSERT INTO APP.PROPIEDAD VALUES ('EXAMEN.REACCION.SIMPLE.TIEMPO.VERDE.HASTA','5000',null);
INSERT INTO APP.PROPIEDAD VALUES ('EXAMEN.REACCION.SIMPLE.TIEMPO.PERMITIDOS.HASTA','430',null);
INSERT INTO APP.PROPIEDAD VALUES ('EXAMEN.REACCION.SIMPLE.ARG.PART.TIEMPO.PERMITIDOS.HASTA','550',null);
INSERT INTO APP.PROPIEDAD VALUES ('EXAMEN.REACCION.SIMPLE.ARG.PROF.TIEMPO.PERMITIDOS.HASTA','500',null);
--INSERT INTO APP.PROPIEDAD VALUES ('EXAMEN.REACCION.SIMPLE.TIEMPO.PERMITIDOS.HASTA.PROFECIONAL','410',null);
--INSERT INTO APP.PROPIEDAD VALUES ('EXAMEN.REACCION.SIMPLE.TIEMPO.PERMITIDOS.HASTA.PARTICULAR','430',null);
INSERT INTO APP.PROPIEDAD VALUES ('EXAMEN.REACCION.SIMPLE.ERRORES.PERMITIDOS.HASTA','3',null);


--delete from APP.PROPIEDAD where prop_clave like 'EXAMEN.PALANCA%';
INSERT INTO APP.PROPIEDAD(PROP_CLAVE,PROP_VALOR) VALUES ('EXAMEN.PALANCA.PUNTOS','80');
INSERT INTO APP.PROPIEDAD(PROP_CLAVE,PROP_VALOR) VALUES ('EXAMEN.PALANCA.TIEMPO.DURACION.HASTA.PROFECIONAL','80000');
INSERT INTO APP.PROPIEDAD(PROP_CLAVE,PROP_VALOR) VALUES ('EXAMEN.PALANCA.TIEMPO.DURACION.HASTA.PARTICULAR','100000');
INSERT INTO APP.PROPIEDAD (PROP_CLAVE,PROP_VALOR) VALUES ('EXAMEN.PALANCA.ERRORES.PERMITIDOS.HASTA','14');
INSERT INTO APP.PROPIEDAD (PROP_CLAVE,PROP_VALOR) VALUES ('EXAMEN.PALANCA.ERRORES.TIEMPO','18000');
INSERT INTO APP.PROPIEDAD (PROP_CLAVE,PROP_VALOR) VALUES ('EXAMEN.PALANCA.ERRORES.PUNTOS.SIN.ACTIVAR.HASTA','14');--15

--VISION TESTER
--delete from APP.PROPIEDAD where prop_clave like 'EXAMEN.AGUDEZA.VISUAL.PLANTILLA%';
INSERT INTO APP.PROPIEDAD (PROP_CLAVE,PROP_VALOR) VALUES ('EXAMEN.AGUDEZA.VISUAL.IMG.BONOCULAR','/images/vision/agudeza visual/binocular.png');
INSERT INTO APP.PROPIEDAD (PROP_CLAVE,PROP_VALOR) VALUES ('EXAMEN.AGUDEZA.VISUAL.IMG.MONOCULAR.IZQ','/images/vision/agudeza visual/monocular_izq.png');
INSERT INTO APP.PROPIEDAD (PROP_CLAVE,PROP_VALOR) VALUES ('EXAMEN.AGUDEZA.VISUAL.IMG.MONOCULAR.DER','/images/vision/agudeza visual/monocular_der.png');


--delete from APP.PROPIEDAD where prop_clave like 'EXAMEN.PROFUNDIDAD.VISUAL.PLANTILLA%';
INSERT INTO APP.PROPIEDAD (PROP_CLAVE,PROP_VALOR) VALUES ('EXAMEN.PROFUNDIDAD.VISUAL.IMG','/images/vision/profundidad visual/planos.png');


--delete from APP.PROPIEDAD where prop_clave like 'EXAMEN.ENCANDILAMIENTO.PLANTILLA%';
INSERT INTO APP.PROPIEDAD (PROP_CLAVE,PROP_VALOR) VALUES ('EXAMEN.ENCANDILAMIENTO.IMG','/images/vision/encandilamiento/encandilamiento.png');

--delete from APP.PROPIEDAD where prop_clave like 'EXAMEN.VISION.NOCTURNA.PLANTILLA%';
INSERT INTO APP.PROPIEDAD (PROP_CLAVE,PROP_VALOR) VALUES ('EXAMEN.VISION.NOCTURNA.IMG','/images/vision/vision noctura/visionNocturna.png');

--delete from APP.PROPIEDAD where prop_clave like 'EXAMEN.REC.ENCANDILAMIENTO.IMG%';
INSERT INTO APP.PROPIEDAD (PROP_CLAVE,PROP_VALOR) VALUES ('EXAMEN.REC.ENCANDILAMIENTO.IMG','/images/vision/encandilamiento/rec_encandilamiento.png');

--delete from APP.PROPIEDAD where prop_clave like 'EXAMEN.FOTOCRAMATICA.VISUAL.IMG%';
INSERT INTO APP.PROPIEDAD (PROP_CLAVE,PROP_VALOR) VALUES ('EXAMEN.FOTOCRAMATICA.VISUAL.IMG','/images/vision/colores/colores.png');

--delete from APP.PROPIEDAD where prop_clave like 'EXAMEN.VISION.ISHIHARA.IMG%';
INSERT INTO APP.PROPIEDAD (PROP_CLAVE,PROP_VALOR) VALUES ('EXAMEN.VISION.ISHIHARA.IMG','/images/vision/isihara/IsiharaApplicacion.png');



--delete from APP.PROPIEDAD where prop_clave like 'EXAMEN.FORIA.IMG%';
INSERT INTO APP.PROPIEDAD (PROP_CLAVE,PROP_VALOR) VALUES ('EXAMEN.FORIA.IMG','/images/vision/foria/foria.png');


insert into app.usuario (USR_NOMBRE,USR_CLAVE,USR_ULTIMO_ACCESO,USR_HABILITADO_SN,DELETED_SN) values('Administrador Sistema','1',null,'S','N');

INSERT INTO APP.PERMISO (PER_CODIGO,PER_DESCRIPCION) VALUES('AM_PERSONA','Registrar/Modificar Persona');
INSERT INTO APP.PERMISO (PER_CODIGO,PER_DESCRIPCION) VALUES('ABM_USR','Puede admistrar usuarios y permisos');
INSERT INTO APP.PERMISO (PER_CODIGO,PER_DESCRIPCION) VALUES('B_PERSONA','Eliminar Persona');
INSERT INTO APP.PERMISO (PER_CODIGO,PER_DESCRIPCION) VALUES('ACCESO_TAREAS_ADM','Puede ingresar a las tareas administrativas');
--INSERT INTO APP.PERMISO (PER_CODIGO,PER_DESCRIPCION) VALUES('B_USR','Eliminar Usuario');
--INSERT INTO APP.PERMISO (PER_CODIGO,PER_DESCRIPCION) VALUES('ACCESO_LOG','Acceso Log de Eventos');
--INSERT INTO APP.PERMISO (PER_CODIGO,PER_DESCRIPCION) VALUES('ACCESO_BACKUPS','Acceso a Backups');

insert into "APP"."USUARIO_PERMISO"("PER_ID","USR_NOMBRE") values ((select per_id from APP.PERMISO where PER_CODIGO = 'AM_PERSONA'),'Administrador Sistema');
insert into "APP"."USUARIO_PERMISO"("PER_ID","USR_NOMBRE") values ((select per_id from APP.PERMISO where PER_CODIGO = 'ABM_USR'),'Administrador Sistema');
insert into "APP"."USUARIO_PERMISO"("PER_ID","USR_NOMBRE") values ((select per_id from APP.PERMISO where PER_CODIGO = 'B_PERSONA'),'Administrador Sistema');
insert into "APP"."USUARIO_PERMISO"("PER_ID","USR_NOMBRE") values ((select per_id from APP.PERMISO where PER_CODIGO = 'ACCESO_TAREAS_ADM'),'Administrador Sistema');


--Examenes

/*delete from APP.USUARIO_EXAMEN;
delete from APP.EXAMEN_DETALLE;
delete from app.RESULTADO;
delete from app.RESULTADO_DETALLE_EXAMEN;
delete from app.PERSONA_EXAMEN;
delete from app.EXAMEN_DETALLE;
*/
--select * from APP.EXAMEN;

--select * from app.EXAMEN_DETALLE;


--delete from APP.EXAMEN where EXA_CODIGO='EXA_AUDICION';

      
INSERT INTO APP.EXAMEN (EXA_ID,EXA_CODIGO,EXA_NOMBRE,EXA_ORDEN) VALUES(1,'EXA_VISION','Examen de Visión y Audición',2);
--INSERT INTO APP.EXAMEN (EXA_ID,EXA_CODIGO,EXA_NOMBRE,EXA_ORDEN) VALUES(2,'EXA_AUDICION','Examen de Audición',3);
INSERT INTO APP.EXAMEN (EXA_ID,EXA_CODIGO,EXA_NOMBRE,EXA_ORDEN) VALUES(3,'EXA_PSICOMETRICO','Examen Psicométrico',1);
INSERT INTO APP.EXAMEN (EXA_ID,EXA_CODIGO,EXA_NOMBRE,EXA_ORDEN) VALUES(4,'EXA_PERSONALIDAD','Examen de Personalidad',4);

insert into "APP"."USUARIO_EXAMEN"("EXA_ID","USR_NOMBRE") values ((select exa_id from APP.EXAMEN where EXA_CODIGO = 'EXA_VISION'),'Administrador Sistema');
insert into "APP"."USUARIO_EXAMEN"("EXA_ID","USR_NOMBRE") values ((select exa_id from APP.EXAMEN where EXA_CODIGO = 'EXA_PSICOMETRICO'),'Administrador Sistema');
insert into "APP"."USUARIO_EXAMEN"("EXA_ID","USR_NOMBRE") values ((select exa_id from APP.EXAMEN where EXA_CODIGO = 'EXA_PERSONALIDAD'),'Administrador Sistema');


INSERT INTO APP.EXAMEN_DETALLE (EXAD_DETALLE,EXAD_CODIGO,EXA_ID,EXAD_ORDEN,EXAD_PARAMETROS_CORRECCION,EXAD_LICENCED)
 VALUES('Test de control temporo espacial','TEST_CTR_TEMPORO',3,1,'Metros promedio menor o igual a ' ||(select prop_valor 
																								  from app.propiedad
																								where prop_clave = 'EXAMEN.ANTICIPACION.METROS.PERMITIDOS.HASTA')||'.','S');

INSERT INTO APP.EXAMEN_DETALLE (EXAD_DETALLE,EXAD_CODIGO,EXA_ID,EXAD_ORDEN,EXAD_PARAMETROS_CORRECCION,EXAD_LICENCED)
 VALUES('Test de coordinación bimanual','TEST_COOR_BIMANUAL',3,2,'<ul>
																	<li>Tiempo fuera del circuito menor o igual a ' ||(select prop_valor 
																												  from app.propiedad
																												where prop_clave = 'EXAMEN.COORDINACION.BIMANUAL.TIEMPO.FUERA.PERMITIDO')||'.</li>
																	<li>Errores permitidos menor o igual a '||(select prop_valor 
																  from app.propiedad
																where prop_clave = 'EXAMEN.COORDINACION.BIMANUAL.ERRORES.PERMITIDO')||'.</li>
																</ul>','S');

INSERT INTO APP.EXAMEN_DETALLE (EXAD_DETALLE,EXAD_CODIGO,EXA_ID,EXAD_ORDEN,EXAD_PARAMETROS_CORRECCION,EXAD_LICENCED)
 VALUES('Test de coordinación bimanual fina (Palanca)','TEST_COOR_BIMANUAL_FINA',3,3,'<ul>
																						<li>Tiempo fuera del circuito menor o igual a  ' ||(select char(prop_valor/10) 
																																	  from app.propiedad
																																	where prop_clave = 'EXAMEN.PALANCA.ERRORES.TIEMPO')||' Centésimas de segundos.</li>
																						<li>Puntos sin activar menor o igual a   '       ||(select prop_valor 
																															  from app.propiedad
																															where prop_clave = 'EXAMEN.PALANCA.ERRORES.PUNTOS.SIN.ACTIVAR.HASTA')||'.</li>
																					</ul>','S');
																					
INSERT INTO APP.EXAMEN_DETALLE (EXAD_DETALLE,EXAD_CODIGO,EXA_ID,EXAD_ORDEN,EXAD_PARAMETROS_CORRECCION,EXAD_LICENCED)
 VALUES('Test de percepción y reacción','TEST_PERC_REAC',3,5,'Errores permitidos menor o igual a '||(select prop_valor 
																											  from app.propiedad
																											where prop_clave = 'EXAMEN.PERCEPCION.REACCION.ERRORES.PERMITIDOS.HASTA')||'.','S');
																
INSERT INTO APP.EXAMEN_DETALLE (EXAD_DETALLE,EXAD_CODIGO,EXA_ID,EXAD_ORDEN,EXAD_PARAMETROS_CORRECCION,EXAD_LICENCED)
 VALUES('Test de reacciones múltiples no condicionadas','TEST_REAC_MULT_NO_COND',3,6,  '<ul>
																							<li>Errores permitidos menor o igual a '  ||(select prop_valor 
																														  from app.propiedad
																														where prop_clave = 'EXAMEN.REACION.MULTIPLE.NOCOND.ERRORES.PERMITIDOS.HASTA')||'.</li>
																							<li>Tiempo promedio menor o igual a '  ||(select prop_valor 
																													  from app.propiedad
																													where prop_clave = 'EXAMEN.REACION.MULTIPLE.NOCOND.TIEMPO.PERMITIDOS.HASTA')||'.</li>
																						</ul>','S');

INSERT INTO APP.EXAMEN_DETALLE (EXAD_DETALLE,EXAD_CODIGO,EXA_ID,EXAD_ORDEN,EXAD_PARAMETROS_CORRECCION,EXAD_LICENCED)
 VALUES('Test de reacciones múltiples condicionada','TEST_REAC_MULTIPLES_COND',3,7,'<ul>
																						<li>Errores permitidos menor o igual a '  ||(select prop_valor 
																												  from app.propiedad
																												where prop_clave = 'EXAMEN.REACION.MULTIPLE.COND.ERRORES.PERMITIDOS.HASTA')||'.</li>
																						<li>Tiempo promedio menor o igual a '  ||(select prop_valor 
																												  from app.propiedad
																												where prop_clave = 'EXAMEN.REACION.MULTIPLE.COND.TIEMPO.PERMITIDOS.HASTA')||'.</li>
																					</ul>','S');

 INSERT INTO APP.EXAMEN_DETALLE (EXAD_DETALLE,EXAD_CODIGO,EXA_ID,EXAD_ORDEN,EXAD_PARAMETROS_CORRECCION,EXAD_LICENCED)
 VALUES('Test de reacción simple','TEST_REAC_SIMPLE',3,8, 'Tiempo promedio máximo '  ||(select char(prop_valor/10) 
																						  from app.propiedad
																						where prop_clave = 'EXAMEN.REACCION.SIMPLE.TIEMPO.PERMITIDOS.HASTA')||' Centésimas de segundos.','S');



INSERT INTO APP.EXAMEN_DETALLE (EXAD_DETALLE,EXAD_CODIGO,EXA_ID,EXAD_ORDEN,EXAD_PARAMETROS_CORRECCION,EXAD_LICENCED)
 VALUES('Test de coordinación visomotora (Punteo)','TEST_COOR_VISOMOTORA',3,4,'Errores permitidos menor o igual a '  ||(select prop_valor 
																												  from app.propiedad
																												where prop_clave = 'EXAMEN.COORDINACION.VISOMOTORA.ERRORES.PERMITIDOS.HASTA')||'.','S');
 
 

 
INSERT INTO APP.EXAMEN_DETALLE (EXAD_DETALLE,EXAD_CODIGO,EXA_ID,EXAD_ORDEN,EXAD_PARAMETROS_CORRECCION,EXAD_LICENCED)
 VALUES('Test de agudeza visual cercana','TEST_AGUDEZA_VISUAL_CERCANA',1,1,'<ul>
																				<li>Profesional: 0.8 como mínimo (línea 6).</li>
																				<li>Particular: 0.7 como mínimo (línea 5).</li>
																			</ul>','S');
																																						
INSERT INTO APP.EXAMEN_DETALLE (EXAD_DETALLE,EXAD_CODIGO,EXA_ID,EXAD_ORDEN,EXAD_PARAMETROS_CORRECCION,EXAD_LICENCED) 
	VALUES('Test de agudeza visual lejana','TEST_AGUDEZA_VISUAL_LEJANA',1,2,'<ul>
																				<li>Profesional: 0.8 como mínimo (línea 6).</li>
																				<li>Particular: 0.7 como mínimo (línea 5).</li>
																			</ul>','S');

INSERT INTO APP.EXAMEN_DETALLE (EXAD_DETALLE,EXAD_CODIGO,EXA_ID,EXAD_ORDEN,EXAD_PARAMETROS_CORRECCION,EXAD_LICENCED)
 VALUES('Test de Ishihara','TEST_ISHIHARA',1,3,'100% de aciertos','S');
 
INSERT INTO APP.EXAMEN_DETALLE (EXAD_DETALLE,EXAD_CODIGO,EXA_ID,EXAD_ORDEN,EXAD_PARAMETROS_CORRECCION,EXAD_LICENCED)
 VALUES('Test de profundidad','TEST_PROFUNDIDAD',1,4,'<ul>
														<li>Profesional: 100%.</li>
														<li>Particular: 66%.</li>
													 </ul>','S');
INSERT INTO APP.EXAMEN_DETALLE (EXAD_DETALLE,EXAD_CODIGO,EXA_ID,EXAD_ORDEN,EXAD_PARAMETROS_CORRECCION,EXAD_LICENCED)
 VALUES('Test de foria visual','TEST_FORIA',1,5, 'Vertical 4 al 10. Horizontal 1 a 3.','S');
INSERT INTO APP.EXAMEN_DETALLE (EXAD_DETALLE,EXAD_CODIGO,EXA_ID,EXAD_ORDEN,EXAD_PARAMETROS_CORRECCION,EXAD_LICENCED)
 VALUES('Test de visión nocturna','TEST_VISION_NOCTURNA',1,6,'80% de las imágenes reconocidas.','S');
INSERT INTO APP.EXAMEN_DETALLE (EXAD_DETALLE,EXAD_CODIGO,EXA_ID,EXAD_ORDEN,EXAD_PARAMETROS_CORRECCION,EXAD_LICENCED)
 VALUES('Test de encandilamiento','TEST_ENCANDILAMIENTO',1,7,'Ver la imagen.','S');
INSERT INTO APP.EXAMEN_DETALLE (EXAD_DETALLE,EXAD_CODIGO,EXA_ID,EXAD_ORDEN,EXAD_PARAMETROS_CORRECCION,EXAD_LICENCED)
 VALUES('Test de recuperación al encandilamiento','TEST_REC_ENCANDILAMIENTO',1,8,'Ver imagen antes de los 5 segundos','S');
INSERT INTO APP.EXAMEN_DETALLE (EXAD_DETALLE,EXAD_CODIGO,EXA_ID,EXAD_ORDEN,EXAD_PARAMETROS_CORRECCION,EXAD_LICENCED)
 VALUES('Test de visión fotocromática','TEST_FOTOCROMATICA',1,9,'100% de aciertos','S');
INSERT INTO APP.EXAMEN_DETALLE (EXAD_DETALLE,EXAD_CODIGO,EXA_ID,EXAD_ORDEN,EXAD_PARAMETROS_CORRECCION,EXAD_LICENCED)
 VALUES('Test de campimetría','TEST_CAMPIMETRIA',1,10,'70° a cada lado.','S');
  
INSERT INTO APP.EXAMEN_DETALLE (EXAD_DETALLE,EXAD_CODIGO,EXA_ID,EXAD_ORDEN,EXAD_PARAMETROS_CORRECCION,EXAD_LICENCED) 
	VALUES('Test de audio: ambos','TEST_AUDIO',1,11,'<ul>
												<li>Profesional:Como mínimo 50 Db.</li>
												<li>Particular:Como mínimo 60 Db.</li>
											 </ul>','S');

INSERT INTO APP.EXAMEN_DETALLE (EXAD_DETALLE,EXAD_CODIGO,EXA_ID,EXAD_ORDEN,EXAD_PARAMETROS_CORRECCION,EXAD_LICENCED) 
	VALUES('Test de audio: derecho','TEST_AUDIO_DER',1,12,'<ul>
												<li>Profesional:Como mínimo 50 Db.</li>
												<li>Particular:Como mínimo 60 Db.</li>
											 </ul>','S');

INSERT INTO APP.EXAMEN_DETALLE (EXAD_DETALLE,EXAD_CODIGO,EXA_ID,EXAD_ORDEN,EXAD_PARAMETROS_CORRECCION,EXAD_LICENCED) 
	VALUES('Test de audio: izquierdo','TEST_AUDIO_IZQ',1,13,'<ul>
												<li>Profesional:Como mínimo 50 Db.</li>
												<li>Particular:Como mínimo 60 Db.</li>
											 </ul>','S');


INSERT INTO APP.DOMINIO (DOM_TIPO,DOM_CLAVE,DOM_CODIGO,DOM_VALOR_MOSTRAR,DOM_DESCRIPCION) VALUES ('GRAL','Tipo Documento','DNI','DNI','DNI');
INSERT INTO APP.DOMINIO (DOM_TIPO,DOM_CLAVE,DOM_CODIGO,DOM_VALOR_MOSTRAR,DOM_DESCRIPCION)  VALUES ('GRAL','Tipo Documento','LC','LC','LC');
INSERT INTO APP.DOMINIO (DOM_TIPO,DOM_CLAVE,DOM_CODIGO,DOM_VALOR_MOSTRAR,DOM_DESCRIPCION)  VALUES ('GRAL','Tipo Documento','PASAPORTE','PASAPORTE','PASAPORTE');

INSERT INTO APP.DOMINIO (DOM_TIPO,DOM_CLAVE,DOM_CODIGO,DOM_VALOR_MOSTRAR,DOM_DESCRIPCION)  VALUES ('GRAL','Sexo','MASCULINO','MASCULINO','M');
INSERT INTO APP.DOMINIO (DOM_TIPO,DOM_CLAVE,DOM_CODIGO,DOM_VALOR_MOSTRAR,DOM_DESCRIPCION)  VALUES ('GRAL','Sexo','FEMENINO','FEMENINO','F');

INSERT INTO APP.DOMINIO (DOM_TIPO,DOM_CLAVE,DOM_CODIGO,DOM_VALOR_MOSTRAR,DOM_DESCRIPCION)  VALUES ('GRAL','Estado Civil','CASADO','CASADO','CASADO');
INSERT INTO APP.DOMINIO (DOM_TIPO,DOM_CLAVE,DOM_CODIGO,DOM_VALOR_MOSTRAR,DOM_DESCRIPCION)  VALUES ('GRAL','Estado Civil','SOLTERO','SOLTERO','SOLTERO');
INSERT INTO APP.DOMINIO (DOM_TIPO,DOM_CLAVE,DOM_CODIGO,DOM_VALOR_MOSTRAR,DOM_DESCRIPCION)  VALUES ('GRAL','Estado Civil','SEPARADO','SEPARADO','SEPARADO');
INSERT INTO APP.DOMINIO (DOM_TIPO,DOM_CLAVE,DOM_CODIGO,DOM_VALOR_MOSTRAR,DOM_DESCRIPCION)  VALUES ('GRAL','Estado Civil','VIUDO','VIUDO','VIUDO');

INSERT INTO APP.DOMINIO (DOM_TIPO,DOM_CLAVE,DOM_CODIGO,DOM_VALOR_MOSTRAR,DOM_DESCRIPCION)  VALUES ('GRAL','Grupo Sanguíneo','O-','O-','O-');
INSERT INTO APP.DOMINIO (DOM_TIPO,DOM_CLAVE,DOM_CODIGO,DOM_VALOR_MOSTRAR,DOM_DESCRIPCION)  VALUES ('GRAL','Grupo Sanguíneo','O+','O+','O+');
INSERT INTO APP.DOMINIO (DOM_TIPO,DOM_CLAVE,DOM_CODIGO,DOM_VALOR_MOSTRAR,DOM_DESCRIPCION)  VALUES ('GRAL','Grupo Sanguíneo','A-','A-','A-');
INSERT INTO APP.DOMINIO (DOM_TIPO,DOM_CLAVE,DOM_CODIGO,DOM_VALOR_MOSTRAR,DOM_DESCRIPCION)  VALUES ('GRAL','Grupo Sanguíneo','A+','A+','A+');
INSERT INTO APP.DOMINIO (DOM_TIPO,DOM_CLAVE,DOM_CODIGO,DOM_VALOR_MOSTRAR,DOM_DESCRIPCION)  VALUES ('GRAL','Grupo Sanguíneo','B-','B-','B-');
INSERT INTO APP.DOMINIO (DOM_TIPO,DOM_CLAVE,DOM_CODIGO,DOM_VALOR_MOSTRAR,DOM_DESCRIPCION)  VALUES ('GRAL','Grupo Sanguíneo','B+','B+','B+');
INSERT INTO APP.DOMINIO (DOM_TIPO,DOM_CLAVE,DOM_CODIGO,DOM_VALOR_MOSTRAR,DOM_DESCRIPCION)  VALUES ('GRAL','Grupo Sanguíneo','AB-','AB-','AB-');
INSERT INTO APP.DOMINIO (DOM_TIPO,DOM_CLAVE,DOM_CODIGO,DOM_VALOR_MOSTRAR,DOM_DESCRIPCION)  VALUES ('GRAL','Grupo Sanguíneo','AB+','AB+','AB+');

INSERT INTO APP.DOMINIO (DOM_TIPO,DOM_CLAVE,DOM_CODIGO,DOM_VALOR_MOSTRAR,DOM_DESCRIPCION)  VALUES ('GRAL','Localidad','BERROTARAN','BERROTARAN','BERROTARAN');

INSERT INTO APP.DOMINIO (DOM_TIPO,DOM_CLAVE,DOM_CODIGO,DOM_VALOR_MOSTRAR,DOM_DESCRIPCION)  VALUES ('RESTRICCION','Restricción Visual','Usa Lentes de Contacto','Usa Lentes de Contacto','Usa Lentes de Contacto');
INSERT INTO APP.DOMINIO (DOM_TIPO,DOM_CLAVE,DOM_CODIGO,DOM_VALOR_MOSTRAR,DOM_DESCRIPCION)  VALUES ('RESTRICCION','Restricción Visual','Operación Ocular','Operación Ocular','Operación Ocular');
INSERT INTO APP.DOMINIO (DOM_TIPO,DOM_CLAVE,DOM_CODIGO,DOM_VALOR_MOSTRAR,DOM_DESCRIPCION)  VALUES ('RESTRICCION','Restricción Visual','Usa Anteojos','Usa Anteojos','Usa Anteojos');
INSERT INTO APP.DOMINIO (DOM_TIPO,DOM_CLAVE,DOM_CODIGO,DOM_VALOR_MOSTRAR,DOM_DESCRIPCION)  VALUES ('RESTRICCION','Restricción Visual','Vision Monocular','Vision Monocular','Vision Monocular');
INSERT INTO APP.DOMINIO (DOM_TIPO,DOM_CLAVE,DOM_CODIGO,DOM_VALOR_MOSTRAR,DOM_DESCRIPCION)  VALUES ('RESTRICCION','Restricción Visual','Estrabismo','Estrabismo','Estrabismo');


INSERT INTO APP.DOMINIO (DOM_TIPO,DOM_CLAVE,DOM_CODIGO,DOM_VALOR_MOSTRAR,DOM_DESCRIPCION)  VALUES ('RESTRICCION','Restricción Auditiva','Operación Auditiva','Operación Auditiva','Operación Auditiva');
INSERT INTO APP.DOMINIO (DOM_TIPO,DOM_CLAVE,DOM_CODIGO,DOM_VALOR_MOSTRAR,DOM_DESCRIPCION)  VALUES ('RESTRICCION','Restricción Auditiva','Usa Audífonos','Usa Audífonos','Usa Audífonos');

INSERT INTO APP.DOMINIO (DOM_TIPO,DOM_CLAVE,DOM_CODIGO,DOM_VALOR_MOSTRAR,DOM_DESCRIPCION)  VALUES ('RESTRICCION','Restricción Física','Prótesis Superior','Prótesis Superior','Prótesis Superior');
INSERT INTO APP.DOMINIO (DOM_TIPO,DOM_CLAVE,DOM_CODIGO,DOM_VALOR_MOSTRAR,DOM_DESCRIPCION)  VALUES ('RESTRICCION','Restricción Física','Prótesis Inferior','Prótesis Inferior','Prótesis Inferior');
INSERT INTO APP.DOMINIO (DOM_TIPO,DOM_CLAVE,DOM_CODIGO,DOM_VALOR_MOSTRAR,DOM_DESCRIPCION) VALUES ('RESTRICCION','Restricción Física','Afección Miembros Superiores','Afección Miembros Superiores','Afección Miembros Superiores');
INSERT INTO APP.DOMINIO (DOM_TIPO,DOM_CLAVE,DOM_CODIGO,DOM_VALOR_MOSTRAR,DOM_DESCRIPCION) VALUES ('RESTRICCION','Restricción Física','Afección Miembros Inferiores','Afección Miembros Inferiores','Afección Miembros Inferiores');

INSERT INTO APP.DOMINIO (DOM_TIPO,DOM_CLAVE,DOM_CODIGO,DOM_VALOR_MOSTRAR,DOM_DESCRIPCION) VALUES ('IMAGENES','EXTENCION_IMAGENES','png','png','png');
INSERT INTO APP.DOMINIO (DOM_TIPO,DOM_CLAVE,DOM_CODIGO,DOM_VALOR_MOSTRAR,DOM_DESCRIPCION) VALUES ('IMAGENES','EXTENCION_IMAGENES','jpg','jpg','jpg');
INSERT INTO APP.DOMINIO (DOM_TIPO,DOM_CLAVE,DOM_CODIGO,DOM_VALOR_MOSTRAR,DOM_DESCRIPCION) VALUES ('IMAGENES','EXTENCION_IMAGENES','jpeg','jpeg','jpeg');
INSERT INTO APP.DOMINIO (DOM_TIPO,DOM_CLAVE,DOM_CODIGO,DOM_VALOR_MOSTRAR,DOM_DESCRIPCION) VALUES ('IMAGENES','EXTENCION_IMAGENES','gif','gif','gif');
INSERT INTO APP.DOMINIO (DOM_TIPO,DOM_CLAVE,DOM_CODIGO,DOM_VALOR_MOSTRAR,DOM_DESCRIPCION) VALUES ('IMAGENES','EXTENCION_IMAGENES','tif','tif','tif');
INSERT INTO APP.DOMINIO (DOM_TIPO,DOM_CLAVE,DOM_CODIGO,DOM_VALOR_MOSTRAR,DOM_DESCRIPCION) VALUES ('IMAGENES','EXTENCION_IMAGENES','tiff','tiff','tiff');


INSERT INTO APP.DOMINIO (DOM_TIPO,DOM_CLAVE,DOM_CODIGO,DOM_VALOR_MOSTRAR,DOM_DESCRIPCION) VALUES ('EXAMEN','EXAMEN_ESTADO','Aprobado','Aprobado','Aprobado');
INSERT INTO APP.DOMINIO (DOM_TIPO,DOM_CLAVE,DOM_CODIGO,DOM_VALOR_MOSTRAR,DOM_DESCRIPCION) VALUES ('EXAMEN','EXAMEN_ESTADO','Reprobado','Reprobado','Reprobado');
INSERT INTO APP.DOMINIO (DOM_TIPO,DOM_CLAVE,DOM_CODIGO,DOM_VALOR_MOSTRAR,DOM_DESCRIPCION) VALUES ('EXAMEN','EXAMEN_ESTADO','Derivado','Derivado a Profesional del Área','Derivado a Profesional del Área');


INSERT INTO APP.DOMINIO (DOM_TIPO,DOM_CLAVE,DOM_CODIGO,DOM_VALOR_MOSTRAR,DOM_DESCRIPCION) VALUES ('EXAMEN','TIPO_EXAMEN','Profesional','Profesional','Profesional');
INSERT INTO APP.DOMINIO (DOM_TIPO,DOM_CLAVE,DOM_CODIGO,DOM_VALOR_MOSTRAR,DOM_DESCRIPCION) VALUES ('EXAMEN','TIPO_EXAMEN','Particular','Particular','Particular');

