delete from USUARIO;
delete from PROPIEDAD;
delete from EXAMEN_DETALLE;
delete from EXAMEN;
delete from DOMINIO;

select * from jttecnol_lic.DOMINIO;

select * from jttecnol_lic.activacion;

select * from jttecnol_lic.licencia

delete from jttecnol_lic.detalle_licencia

delete from jttecnol_lic.licencia

select * from jttecnol_lic.licencia

select * from jttecnol_lic.detalle_licencia;

insert into jttecnol_lic.USUARIO (USR_ID,USR_NOMBRE,USR_CLAVE,USR_ULTIMO_ACCESO,USR_HABILITADO_SN,DELETED_SN) values(-1,'Administrador','1',null,'S','N');

INSERT INTO jttecnol_lic.PROPIEDAD VALUES ('FORMATO.FECHA','dd-MM-yyyy',null);
INSERT INTO jttecnol_lic.PROPIEDAD VALUES ('FORMATO.HORA','HH:mm:ss',null);
INSERT INTO jttecnol_lic.PROPIEDAD VALUES ('FORMATO.FECHA.HORA','dd-MM-yyyy HH:mm:ss',null);

INSERT INTO jttecnol_lic.EXAMEN (EXA_ID,EXA_CODIGO,EXA_NOMBRE,EXA_ORDEN) VALUES(1,'EXA_VISION','Examen de Visión y Audición',2);
INSERT INTO jttecnol_lic.EXAMEN (EXA_ID,EXA_CODIGO,EXA_NOMBRE,EXA_ORDEN) VALUES(3,'EXA_PSICOMETRICO','Examen Psicométrico',1);
INSERT INTO jttecnol_lic.EXAMEN (EXA_ID,EXA_CODIGO,EXA_NOMBRE,EXA_ORDEN) VALUES(4,'EXA_PERSONALIDAD','Examen de Personalidad',4);

INSERT INTO jttecnol_lic.EXAMEN_DETALLE (EXAD_DETALLE,EXAD_CODIGO,EXA_ID,EXAD_ORDEN,EXAD_PARAMETROS_CORRECCION)
 VALUES('Test de control temporo espacial','TEST_CTR_TEMPORO',3,1,'');

INSERT INTO jttecnol_lic.EXAMEN_DETALLE (EXAD_DETALLE,EXAD_CODIGO,EXA_ID,EXAD_ORDEN,EXAD_PARAMETROS_CORRECCION)
 VALUES('Test de coordinación bimanual','TEST_COOR_BIMANUAL',3,2,'');

INSERT INTO jttecnol_lic.EXAMEN_DETALLE (EXAD_DETALLE,EXAD_CODIGO,EXA_ID,EXAD_ORDEN,EXAD_PARAMETROS_CORRECCION)
 VALUES('Test de coordinación bimanual fina (Palanca)','TEST_COOR_BIMANUAL_FINA',3,3,'');
																					

 
 
 INSERT INTO jttecnol_lic.EXAMEN_DETALLE (EXAD_DETALLE,EXAD_CODIGO,EXA_ID,EXAD_ORDEN,EXAD_PARAMETROS_CORRECCION)
 VALUES('Test de percepción y reacción','TEST_PERC_REAC',3,5,'');
																
INSERT INTO jttecnol_lic.EXAMEN_DETALLE (EXAD_DETALLE,EXAD_CODIGO,EXA_ID,EXAD_ORDEN,EXAD_PARAMETROS_CORRECCION)
 VALUES('Test de reacciones múltiples no condicionadas','TEST_REAC_MULT_NO_COND',3,6,  '');

INSERT INTO jttecnol_lic.EXAMEN_DETALLE (EXAD_DETALLE,EXAD_CODIGO,EXA_ID,EXAD_ORDEN,EXAD_PARAMETROS_CORRECCION)
 VALUES('Test de reacciones múltiples condicionada','TEST_REAC_MULTIPLES_COND',3,7,'');

 INSERT INTO jttecnol_lic.EXAMEN_DETALLE (EXAD_DETALLE,EXAD_CODIGO,EXA_ID,EXAD_ORDEN,EXAD_PARAMETROS_CORRECCION)
 VALUES('Test de reacción simple','TEST_REAC_SIMPLE',3,8, '');

INSERT INTO jttecnol_lic.EXAMEN_DETALLE (EXAD_DETALLE,EXAD_CODIGO,EXA_ID,EXAD_ORDEN,EXAD_PARAMETROS_CORRECCION)
 VALUES('Test de coordinación visomotora (Punteo)','TEST_COOR_VISOMOTORA',3,4,'');
 
 
 
 
INSERT INTO jttecnol_lic.EXAMEN_DETALLE (EXAD_DETALLE,EXAD_CODIGO,EXA_ID,EXAD_ORDEN,EXAD_PARAMETROS_CORRECCION)
 VALUES('Test de agudeza visual cercana','TEST_AGUDEZA_VISUAL_CERCANA',1,1,'<ul>
																				<li>Profesional: 20/30 como mínimo (línea 6).</li>
																				<li>Particular: 20/40 como mínimo (línea 5).</li>
																			</ul>');
INSERT INTO jttecnol_lic.EXAMEN_DETALLE (EXAD_DETALLE,EXAD_CODIGO,EXA_ID,EXAD_ORDEN,EXAD_PARAMETROS_CORRECCION) 
	VALUES('Test de agudeza visual lejana','TEST_AGUDEZA_VISUAL_LEJANA',1,2,'<ul>
																				<li>Profesional: 20/30 como mínimo (línea 6).</li>
																				<li>Particular: 20/40 como mínimo (línea 5).</li>
																			</ul>');
INSERT INTO jttecnol_lic.EXAMEN_DETALLE (EXAD_DETALLE,EXAD_CODIGO,EXA_ID,EXAD_ORDEN,EXAD_PARAMETROS_CORRECCION)
 VALUES('Test de visión fotocromática','TEST_FOTOCROMATICA',1,3,'100% de aciertos');
INSERT INTO jttecnol_lic.EXAMEN_DETALLE (EXAD_DETALLE,EXAD_CODIGO,EXA_ID,EXAD_ORDEN,EXAD_PARAMETROS_CORRECCION)
 VALUES('Test de profundidad','TEST_PROFUNDIDAD',1,4,'<ul>
														<li>Profesional: 100%.</li>
														<li>Particular: 66%.</li>
													 </ul>');
INSERT INTO jttecnol_lic.EXAMEN_DETALLE (EXAD_DETALLE,EXAD_CODIGO,EXA_ID,EXAD_ORDEN,EXAD_PARAMETROS_CORRECCION)
 VALUES('Test de foria visual','TEST_FORIA',1,5, 'Vertical 4 al 10. Horizontal 1 a 3.');
INSERT INTO jttecnol_lic.EXAMEN_DETALLE (EXAD_DETALLE,EXAD_CODIGO,EXA_ID,EXAD_ORDEN,EXAD_PARAMETROS_CORRECCION)
 VALUES('Test de visión nocturna','TEST_VISION_NOCTURNA',1,6,'66% de las imágenes reconocidas.');
INSERT INTO jttecnol_lic.EXAMEN_DETALLE (EXAD_DETALLE,EXAD_CODIGO,EXA_ID,EXAD_ORDEN,EXAD_PARAMETROS_CORRECCION)
 VALUES('Test de encandilamiento','TEST_ENCANDILAMIENTO',1,7,'Ver la imagen.');
INSERT INTO jttecnol_lic.EXAMEN_DETALLE (EXAD_DETALLE,EXAD_CODIGO,EXA_ID,EXAD_ORDEN,EXAD_PARAMETROS_CORRECCION)
 VALUES('Test de recuperación al encandilamiento','TEST_REC_ENCANDILAMIENTO',1,8,'Ver imagen antes de los 5 segundos');
INSERT INTO jttecnol_lic.EXAMEN_DETALLE (EXAD_DETALLE,EXAD_CODIGO,EXA_ID,EXAD_ORDEN,EXAD_PARAMETROS_CORRECCION)
 VALUES('Test de campimetría','TEST_CAMPIMETRIA',1,9,'70° a cada lado.'); 
INSERT INTO jttecnol_lic.EXAMEN_DETALLE (EXAD_DETALLE,EXAD_CODIGO,EXA_ID,EXAD_ORDEN,EXAD_PARAMETROS_CORRECCION) 
	VALUES('Test de audio','TEST_AUDIO',1,10,'<ul>
												<li>Profesional: 50 Db.</li>
												<li>Particular: 60 Db.</li>
												<li>Diferencia entre DB subida y DB bajada no mayor a 10 Db.</li>
											 </ul>');



INSERT INTO jttecnol_lic.DOMINIO (DOM_TIPO,DOM_CLAVE,DOM_CODIGO,DOM_VALOR_MOSTRAR,DOM_DESCRIPCION) VALUES ('GRAL','Tipo Documento','DNI','DNI','DNI');
INSERT INTO jttecnol_lic.DOMINIO (DOM_TIPO,DOM_CLAVE,DOM_CODIGO,DOM_VALOR_MOSTRAR,DOM_DESCRIPCION)  VALUES ('GRAL','Tipo Documento','LC','LC','LC');
INSERT INTO jttecnol_lic.DOMINIO (DOM_TIPO,DOM_CLAVE,DOM_CODIGO,DOM_VALOR_MOSTRAR,DOM_DESCRIPCION)  VALUES ('GRAL','Tipo Documento','PASAPORTE','PASAPORTE','PASAPORTE');

INSERT INTO jttecnol_lic.DOMINIO (DOM_TIPO,DOM_CLAVE,DOM_CODIGO,DOM_VALOR_MOSTRAR,DOM_DESCRIPCION)  VALUES ('GRAL','Sexo','MASCULINO','MASCULINO','M');
INSERT INTO jttecnol_lic.DOMINIO (DOM_TIPO,DOM_CLAVE,DOM_CODIGO,DOM_VALOR_MOSTRAR,DOM_DESCRIPCION)  VALUES ('GRAL','Sexo','FEMENINO','FEMENINO','F');

INSERT INTO jttecnol_lic.DOMINIO (DOM_TIPO,DOM_CLAVE,DOM_CODIGO,DOM_VALOR_MOSTRAR,DOM_DESCRIPCION)  VALUES ('GRAL','Estado Civil','CASADO','CASADO','CASADO');
INSERT INTO jttecnol_lic.DOMINIO (DOM_TIPO,DOM_CLAVE,DOM_CODIGO,DOM_VALOR_MOSTRAR,DOM_DESCRIPCION)  VALUES ('GRAL','Estado Civil','SOLTERO','SOLTERO','SOLTERO');
INSERT INTO jttecnol_lic.DOMINIO (DOM_TIPO,DOM_CLAVE,DOM_CODIGO,DOM_VALOR_MOSTRAR,DOM_DESCRIPCION)  VALUES ('GRAL','Estado Civil','SEPARADO','SEPARADO','SEPARADO');
INSERT INTO jttecnol_lic.DOMINIO (DOM_TIPO,DOM_CLAVE,DOM_CODIGO,DOM_VALOR_MOSTRAR,DOM_DESCRIPCION)  VALUES ('GRAL','Estado Civil','VIUDO','VIUDO','VIUDO');

INSERT INTO jttecnol_lic.DOMINIO (DOM_TIPO,DOM_CLAVE,DOM_CODIGO,DOM_VALOR_MOSTRAR,DOM_DESCRIPCION)  VALUES ('GRAL','Grupo Sanguíneo','O-','O-','O-');
INSERT INTO jttecnol_lic.DOMINIO (DOM_TIPO,DOM_CLAVE,DOM_CODIGO,DOM_VALOR_MOSTRAR,DOM_DESCRIPCION)  VALUES ('GRAL','Grupo Sanguíneo','O+','O+','O+');
INSERT INTO jttecnol_lic.DOMINIO (DOM_TIPO,DOM_CLAVE,DOM_CODIGO,DOM_VALOR_MOSTRAR,DOM_DESCRIPCION)  VALUES ('GRAL','Grupo Sanguíneo','A-','A-','A-');
INSERT INTO jttecnol_lic.DOMINIO (DOM_TIPO,DOM_CLAVE,DOM_CODIGO,DOM_VALOR_MOSTRAR,DOM_DESCRIPCION)  VALUES ('GRAL','Grupo Sanguíneo','A+','A+','A+');
INSERT INTO jttecnol_lic.DOMINIO (DOM_TIPO,DOM_CLAVE,DOM_CODIGO,DOM_VALOR_MOSTRAR,DOM_DESCRIPCION)  VALUES ('GRAL','Grupo Sanguíneo','B-','B-','B-');
INSERT INTO jttecnol_lic.DOMINIO (DOM_TIPO,DOM_CLAVE,DOM_CODIGO,DOM_VALOR_MOSTRAR,DOM_DESCRIPCION)  VALUES ('GRAL','Grupo Sanguíneo','B+','B+','B+');
INSERT INTO jttecnol_lic.DOMINIO (DOM_TIPO,DOM_CLAVE,DOM_CODIGO,DOM_VALOR_MOSTRAR,DOM_DESCRIPCION)  VALUES ('GRAL','Grupo Sanguíneo','AB-','AB-','AB-');
INSERT INTO jttecnol_lic.DOMINIO (DOM_TIPO,DOM_CLAVE,DOM_CODIGO,DOM_VALOR_MOSTRAR,DOM_DESCRIPCION)  VALUES ('GRAL','Grupo Sanguíneo','AB+','AB+','AB+');

INSERT INTO jttecnol_lic.DOMINIO (DOM_TIPO,DOM_CLAVE,DOM_CODIGO,DOM_VALOR_MOSTRAR,DOM_DESCRIPCION)  VALUES ('GRAL','Localidad','BERROTARAN','BERROTARAN','BERROTARAN');

INSERT INTO jttecnol_lic.DOMINIO (DOM_TIPO,DOM_CLAVE,DOM_CODIGO,DOM_VALOR_MOSTRAR,DOM_DESCRIPCION)  VALUES ('RESTRICCION','Restricción Visual','Usa Lentes de Contacto','Usa Lentes de Contacto','Usa Lentes de Contacto');
INSERT INTO jttecnol_lic.DOMINIO (DOM_TIPO,DOM_CLAVE,DOM_CODIGO,DOM_VALOR_MOSTRAR,DOM_DESCRIPCION)  VALUES ('RESTRICCION','Restricción Visual','Operación Ocular','Operación Ocular','Operación Ocular');
INSERT INTO jttecnol_lic.DOMINIO (DOM_TIPO,DOM_CLAVE,DOM_CODIGO,DOM_VALOR_MOSTRAR,DOM_DESCRIPCION)  VALUES ('RESTRICCION','Restricción Visual','Usa Anteojos','Usa Anteojos','Usa Anteojos');
INSERT INTO jttecnol_lic.DOMINIO (DOM_TIPO,DOM_CLAVE,DOM_CODIGO,DOM_VALOR_MOSTRAR,DOM_DESCRIPCION)  VALUES ('RESTRICCION','Restricción Visual','Vision Monocular','Vision Monocular','Vision Monocular');
INSERT INTO jttecnol_lic.DOMINIO (DOM_TIPO,DOM_CLAVE,DOM_CODIGO,DOM_VALOR_MOSTRAR,DOM_DESCRIPCION)  VALUES ('RESTRICCION','Restricción Visual','Estrabismo','Estrabismo','Estrabismo');


INSERT INTO jttecnol_lic.DOMINIO (DOM_TIPO,DOM_CLAVE,DOM_CODIGO,DOM_VALOR_MOSTRAR,DOM_DESCRIPCION)  VALUES ('RESTRICCION','Restricción Auditiva','Operación Auditiva','Operación Auditiva','Operación Auditiva');
INSERT INTO jttecnol_lic.DOMINIO (DOM_TIPO,DOM_CLAVE,DOM_CODIGO,DOM_VALOR_MOSTRAR,DOM_DESCRIPCION)  VALUES ('RESTRICCION','Restricción Auditiva','Usa Audífonos','Usa Audífonos','Usa Audífonos');

INSERT INTO jttecnol_lic.DOMINIO (DOM_TIPO,DOM_CLAVE,DOM_CODIGO,DOM_VALOR_MOSTRAR,DOM_DESCRIPCION)  VALUES ('RESTRICCION','Restricción Física','Prótesis Superior','Prótesis Superior','Prótesis Superior');
INSERT INTO jttecnol_lic.DOMINIO (DOM_TIPO,DOM_CLAVE,DOM_CODIGO,DOM_VALOR_MOSTRAR,DOM_DESCRIPCION)  VALUES ('RESTRICCION','Restricción Física','Prótesis Inferior','Prótesis Inferior','Prótesis Inferior');
INSERT INTO jttecnol_lic.DOMINIO (DOM_TIPO,DOM_CLAVE,DOM_CODIGO,DOM_VALOR_MOSTRAR,DOM_DESCRIPCION) VALUES ('RESTRICCION','Restricción Física','Afección Miembros Superiores','Afección Miembros Superiores','Afección Miembros Superiores');
INSERT INTO jttecnol_lic.DOMINIO (DOM_TIPO,DOM_CLAVE,DOM_CODIGO,DOM_VALOR_MOSTRAR,DOM_DESCRIPCION) VALUES ('RESTRICCION','Restricción Física','Afección Miembros Inferiores','Afección Miembros Inferiores','Afección Miembros Inferiores');

INSERT INTO jttecnol_lic.DOMINIO (DOM_TIPO,DOM_CLAVE,DOM_CODIGO,DOM_VALOR_MOSTRAR,DOM_DESCRIPCION) VALUES ('IMAGENES','EXTENCION_IMAGENES','png','png','png');
INSERT INTO jttecnol_lic.DOMINIO (DOM_TIPO,DOM_CLAVE,DOM_CODIGO,DOM_VALOR_MOSTRAR,DOM_DESCRIPCION) VALUES ('IMAGENES','EXTENCION_IMAGENES','jpg','jpg','jpg');
INSERT INTO jttecnol_lic.DOMINIO (DOM_TIPO,DOM_CLAVE,DOM_CODIGO,DOM_VALOR_MOSTRAR,DOM_DESCRIPCION) VALUES ('IMAGENES','EXTENCION_IMAGENES','jpeg','jpeg','jpeg');
INSERT INTO jttecnol_lic.DOMINIO (DOM_TIPO,DOM_CLAVE,DOM_CODIGO,DOM_VALOR_MOSTRAR,DOM_DESCRIPCION) VALUES ('IMAGENES','EXTENCION_IMAGENES','gif','gif','gif');
INSERT INTO jttecnol_lic.DOMINIO (DOM_TIPO,DOM_CLAVE,DOM_CODIGO,DOM_VALOR_MOSTRAR,DOM_DESCRIPCION) VALUES ('IMAGENES','EXTENCION_IMAGENES','tif','tif','tif');
INSERT INTO jttecnol_lic.DOMINIO (DOM_TIPO,DOM_CLAVE,DOM_CODIGO,DOM_VALOR_MOSTRAR,DOM_DESCRIPCION) VALUES ('IMAGENES','EXTENCION_IMAGENES','tiff','tiff','tiff');

INSERT INTO jttecnol_lic.DOMINIO (DOM_TIPO,DOM_CLAVE,DOM_CODIGO,DOM_VALOR_MOSTRAR,DOM_DESCRIPCION) VALUES ('EXAMEN','EXAMEN_ESTADO','Aprobado','Aprobado','Aprobado');
INSERT INTO jttecnol_lic.DOMINIO (DOM_TIPO,DOM_CLAVE,DOM_CODIGO,DOM_VALOR_MOSTRAR,DOM_DESCRIPCION) VALUES ('EXAMEN','EXAMEN_ESTADO','Reprobado','Reprobado','Reprobado');
INSERT INTO jttecnol_lic.DOMINIO (DOM_TIPO,DOM_CLAVE,DOM_CODIGO,DOM_VALOR_MOSTRAR,DOM_DESCRIPCION) VALUES ('EXAMEN','EXAMEN_ESTADO','Derivado','Derivado a Profesional del Área','Derivado a Profesional del Área');

INSERT INTO jttecnol_lic.DOMINIO (DOM_TIPO,DOM_CLAVE,DOM_CODIGO,DOM_VALOR_MOSTRAR,DOM_DESCRIPCION) VALUES ('EXAMEN','TIPO_EXAMEN','Profesional','Profesional','Profesional');
INSERT INTO jttecnol_lic.DOMINIO (DOM_TIPO,DOM_CLAVE,DOM_CODIGO,DOM_VALOR_MOSTRAR,DOM_DESCRIPCION) VALUES ('EXAMEN','TIPO_EXAMEN','Particular','Particular','Particular');   

INSERT INTO jttecnol_lic.DOMINIO (DOM_TIPO,DOM_CLAVE,DOM_CODIGO,DOM_VALOR_MOSTRAR,DOM_DESCRIPCION)  VALUES ('GRAL','TIPO_LICENCIA','1','Vitalicia','Vitalicia');//NO modificar este valor.
INSERT INTO jttecnol_lic.DOMINIO (DOM_TIPO,DOM_CLAVE,DOM_CODIGO,DOM_VALOR_MOSTRAR,DOM_DESCRIPCION)  VALUES ('GRAL','TIPO_LICENCIA','2','Renovación mensual','Renovación mensual');
INSERT INTO jttecnol_lic.DOMINIO (DOM_TIPO,DOM_CLAVE,DOM_CODIGO,DOM_VALOR_MOSTRAR,DOM_DESCRIPCION)  VALUES ('GRAL','TIPO_LICENCIA','3','Por cantidad','Renovación por cantidad');

INSERT INTO jttecnol_lic.DOMINIO (DOM_TIPO,DOM_CLAVE,DOM_CODIGO,DOM_VALOR_MOSTRAR,DOM_DESCRIPCION)  VALUES ('GRAL','PRODUCTO','TesterGeneral','TesterGeneral','TesterGeneral');
INSERT INTO jttecnol_lic.DOMINIO (DOM_TIPO,DOM_CLAVE,DOM_CODIGO,DOM_VALOR_MOSTRAR,DOM_DESCRIPCION)  VALUES ('GRAL','PRODUCTO','Autoimpresor','Autoimpresor','Autoimpresor');

